Title,Understanding ED,Emotional Resilience,Social Support,Nutrition & Eating,Practical Skills,niche
How Do I Start Recovery?,1,2,2,2,5,0
Defining Recovery,2,3,1,1,4,0
Recognizing the Eating Disorder Voice,1,5,1,1,2,0
Am I Sick Enough?,2,4,2,1,2,0
How To Tell Someone You Have an Eating Disorder,1,2,5,1,3,0
The Long and Winding Road of Recovery,2,3,1,1,4,0
Self Compassion & Recovery,1,5,1,1,2,0
Family-Based Therapy & Eating Disorders,2,1,4,1,4,0
Neuroscience of Eating Disorders,5,1,0,1,1,0
The Biological Basis of Eating Disorders,5,1,0,2,1,0
Exploring Eating Disorder Treatment Options,2,1,2,1,5,0
Who Is on My Support Team?,1,1,5,1,2,0
Talking with Friends and Family,1,2,5,1,2,0
Goal Setting For Realistic Recovery,1,2,1,1,5,0
DBT Part 1 and 2,1,4,1,1,5,0
Nourish Your Recovery,2,1,1,5,3,0
Exploring Emotional Eating with CBT,2,4,1,3,3,0
Starting with Meal Planning,1,1,1,5,3,0
Navigating Grocery Shopping,1,1,1,5,3,0
Self-Advocacy in Medical Settings,1,2,3,1,4,0
Setting Boundaries,1,3,5,1,2,0
Barriers to Recovery,2,3,2,2,4,0
Self-Sabotaging,1,5,1,1,2,0
Part 1: Challenges of Recovery - Physical,2,1,1,3,4,0
Part 2: Challenges of Recovery Mental/Emotion,2,5,1,1,3,0
Dealing with Diet Culture,2,3,1,4,2,0
Reclaiming Challenging Foods,1,2,1,5,3,0
Coping with Bad Body Image Days,1,5,1,1,2,0
I Can’t Keep Calm I Have Anxiety,1,5,1,1,3,0
Social Recovery,1,2,5,3,2,0
Body Checking,1,4,1,1,2,0
Navigating the Holidays in Recovery,1,3,3,3,4,0
Thriving Through the Holidays,1,4,3,3,4,0
What is Flexible Eating?,1,1,1,5,3,0
Intuitive Eating Part 1 and 2,1,2,1,5,3,0
Every Body’s Journey: Inclusive Recovery,3,3,3,2,4,1
Decolonizing Eating Disorders,5,2,2,2,1,1
Non-Diet Approach to Managing Diabetes & Heart,3,1,1,5,3,1
Food & Trauma from Sexual Violence,4,4,2,2,2,1
Neurodivergence and Eating Disorders,5,2,1,1,3,1
Type 1 Diabetes & Eating Disorders,5,2,1,3,3,1
Athletes and Eating Disorders,4,2,1,2,3,1